Country,1990,1991,1992,1993,1994,1995,1996,1997,1998,1999,2000,2001,2002,2003,2004,2005,2006,2007,2008,2009,2010,2011,2012,2013,2014,2015,2016,2017,2018
Afghanistan,0,0,0,0,0,0,0,0,0,0,0,0,3.997356895,3.742615415,3.183605163,2.821647877,3.035308153,2.564660336,3.131792739,2.980926154,2.839831475,3.28066945,3.32473427,3.625784145,4.11864648,4.695809353,5.30199414,5.164296796,5.398313267
Albania,5.67399311,8.321517778,10.87131536,5.930910538,4.184052548,3.188779704,2.300256924,2.944411794,2.702312841,2.518586606,2.436532923,1.805155645,1.770900585,1.448812471,1.139925286,0.991048812,0.885784005,0.743632193,0.595434295,0.641801449,0.671589504,0.681883486,0.681827576,0.673125689,0.686415267,0.791263862,0.800087627,0.772675642,0.64963271
Andorra,0.41786175,0.388462279,0.355367891,0.436930235,0.432411556,0.390247547,0.40034467,0.431984735,0.445569407,0.459723279,0.412861923,0.381401524,0.341703156,0.258285583,0.221076785,0.208867007,0.185161499,0.161918712,0.156646566,0.168734593,0.18261045,0.165325519,0.188158027,0.184738453,0.177272007,0.207894978,0.203681511,0.196654818,0.183325689
Argentina,2.045177305,1.544,1.300262009,1.266962025,1.188132296,1.185775194,1.175772059,1.100136519,1.090802676,1.169859155,1.165985915,1.384572491,3.779010109,3.055,2.463272727,2.064924623,1.82583691,1.523680556,1.223701657,1.273483483,1.01370283,0.774792453,0.75978022,0.769384058,0.801825095,0.71994958,0.71016129,0.617546584,0.763513514
Armenia,10.82930663,12.11973825,11.74781144,7.300344317,4.744674648,4.665204017,3.619356615,3.897547745,3.33205466,3.14281008,3.217261404,2.954965691,2.495439355,2.262152472,1.887259195,1.524343599,1.237381139,0.929797901,0.781166884,0.927388837,0.850945738,0.818370034,0.874820606,0.829027414,0.790730847,0.869866983,0.904596789,0.808504316,0.754538757
Australia,1.79488746,1.717323077,1.724,1.794807692,1.74863354,1.556376022,1.427525,1.338574713,1.524010025,1.654498715,1.595108434,1.761164021,1.67278481,1.252467811,1.038398693,0.863549784,0.867171582,0.757866354,0.587704762,0.682974138,0.522730435,0.460528571,0.414916129,0.35143038,0.385176871,0.419607407,0.477123967,0.468481203,0.433048951
Austria,0.378253012,0.385,0.313846154,0.321684211,0.300098039,0.264273859,0.28443038,0.311737089,0.304495413,0.297511521,0.328730964,0.387766497,0.364741784,0.315916031,0.277707641,0.264651899,0.241994048,0.201079692,0.180906977,0.177075,0.195280612,0.171044084,0.172371638,0.165232558,0.152217195,0.17908377,0.173055556,0.169568345,0.149120879
Azerbaijan,8.486108464,9.575352278,12.10894737,17.27292999,18.72393838,19.65950483,17.42687258,13.99286008,12.6597641,12.35471555,11.13488763,10.3018361,9.578475216,7.89305898,6.764688284,4.73436087,3.133014478,1.948542515,1.473415385,1.645914358,1.458904651,1.20497406,1.157225105,1.081111168,1.067987955,1.491868849,2.11183627,1.923624737,1.663025021
Bahamas,0.644346178,0.687846334,0.900611129,0.766494179,0.705737956,0.688247302,0.63729565,0.331629914,0.383420993,0.335768304,0.312017503,0.288536794,0.288250634,0.285228222,0.276081716,0.239930054,0.230150729,0.224140497,0.235607068,0.639153032,0.239704589,0.280027208,0.373116926,0.33401461,0.269988121,0.235679885,0.217965377,0.208955463,0.203500204
Bahrain,3.324044266,2.980791612,3.321361397,3.205605278,3.076755371,3.070364785,3.169524612,3.201976995,3.585187734,3.452645248,2.650366088,2.76843306,2.71225008,2.444284881,2.081343564,1.907478715,1.77684006,1.566037736,1.416908547,1.613464475,1.513615268,1.378203327,1.32946079,1.344828375,1.374757244,1.512046211,1.462697034,1.351420813,1.300046478
Bangladesh,3.641330383,3.722524743,3.694233917,3.568357551,3.577281327,3.31736514,2.721665068,2.666843039,2.569993641,2.581793031,2.520901933,2.587639606,2.61365739,2.404796793,2.246095373,2.173150982,2.17797265,1.997942814,1.826450566,1.677058824,1.552173913,1.424496124,1.408496241,1.272333333,1.130751445,1.048820513,0.928778281,0.85672,0.805656934
Barbados,1.550594515,1.558955463,1.732243229,1.570267952,1.543220707,1.520089931,1.429994531,1.396902885,1.281467173,1.236524339,1.176662853,1.201505975,1.197489136,1.162174794,1.08288576,0.987040189,0.908120925,0.823705605,0.871473354,1.569813011,0.880794702,0.878153516,1.00867679,0.842420355,0.800596189,0.799575822,0.788819876,0.747288067,0.745109604
Belarus,4.820323326,5.516666667,5.016717391,4.464715736,3.994769853,3.697215687,3.551571891,3.739982444,3.347126371,4.010384645,3.618632181,4.301964689,3.56373253,2.974008336,2.451570057,1.903165501,1.641486369,1.311912792,1.04569384,1.192552324,1.140460667,1.149166789,1.105273451,0.969441999,0.920269841,1.20592189,1.304202298,1.165064256,1.110754588
Belgium,0.618585366,0.624454976,0.552510638,0.567377778,0.542938776,0.462465278,0.496594982,0.535019763,0.533320463,0.520426357,0.569067797,0.572489451,0.499610895,0.415709779,0.353252033,0.327694301,0.302720588,0.252851064,0.235300971,0.237255717,0.252474012,0.20998088,0.220221774,0.211685824,0.194560748,0.236277056,0.232184874,0.215526839,0.200202206
Belize,32.03211404,30.15375379,26.3006014,24.4704798,23.75772492,20.49535879,18.00793846,16.15431482,13.93338926,11.51825316,8.929751818,4.813727184,4.637587157,4.595831215,3.909259523,3.856449344,3.536751642,3.507392262,3.270803271,4.129659151,3.340110369,4.942497262,4.557095016,4.394073699,4.083473659,4.060795916,3.813869641,3.724273113,3.644719966
Benin,10.36242865,10.28977569,12.12753753,9.091876656,13.1220298,9.596118407,9.376919426,9.888456021,9.592306283,6.346493543,6.709863263,4.946741044,4.56566914,3.563621815,3.092645133,3.096704557,2.999489308,2.688073992,2.22603446,2.309376727,2.411029882,2.172383858,2.084126372,1.911670787,1.844250604,2.208433837,2.269676834,2.126494216,1.973196808
Bhutan,-18.21291441,-21.63603282,-21.61133129,-23.16787095,-20.01465538,-17.55465833,-16.71824033,-14.20902847,-13.76821849,-12.24239045,-12.20362363,-11.35564481,-10.00288851,-8.691449212,-7.735993322,-6.386945074,-5.840067438,-4.305369624,-4.202608776,-4.165267804,-3.223532291,0.270102777,0.348064063,0.38150212,0.38802557,0.384308588,0.46781521,0.452993751,0.474075739
Bolivia,21.56717373,19.79684999,19.06485353,19.0716946,18.63157288,16.53259188,15.10213648,14.22465873,13.38621825,14.38972942,13.07705931,10.96721537,12.04353653,11.48055074,11.95880517,10.55075698,8.955743252,8.179763858,6.142377712,5.847176806,6.242865224,4.649661752,4.12782257,3.649132828,3.406151036,3.500282002,3.722917126,3.341096685,3.132721975
Bosnia and Herzegovina,0,0,0,0,7.620625247,5.078826402,3.790318814,4.213173502,4.447737874,3.905472111,4.008436137,3.270137684,2.847646335,2.322614271,1.934654777,1.886312722,1.790959712,1.53117154,1.363488462,1.493144349,1.531136683,1.359633974,1.36763256,1.283383947,1.11809548,1.291055486,1.50532148,1.423110171,1.260930299
Botswana,14.49387367,13.79225393,13.17974657,13.05982537,12.82126231,11.74055512,11.75389956,11.27641004,11.77966494,10.30221518,9.723012303,10.58181146,10.74490446,6.8321159,5.799630174,5.378616759,5.445909996,4.891648136,5.692060214,5.178660789,4.986448958,4.483462996,4.020861141,3.843843588,3.451526297,3.864612095,3.510082904,3.377650888,3.078239435
Brazil,3.55474026,2.768756219,4.188279302,3.857762557,3.057401434,2.244577373,2.042011765,2.000362401,2.084050926,3.022554257,2.758824427,3.402110912,3.80976378,3.491702509,2.983348281,2.247040359,1.796891892,1.449628571,1.194611765,1.202904192,0.952312217,0.484958015,0.531004049,0.540493927,0.558044715,0.752377778,0.802211111,0.709432039,0.75162963
Brunei,4.405559474,4.081944644,3.693037418,3.862916491,3.983032516,3.546668554,3.340759739,3.461390696,5.344165191,3.8,3.011087882,3.224372063,3.104394715,2.937169692,2.395731924,1.978722367,1.80895626,1.624795623,1.374964482,1.820660932,1.347450241,0.95113067,0.927134363,0.964417156,1.017057645,1.258275565,1.45339986,1.373668862,1.249322715
Bulgaria,3.712178292,5.425114223,5.168824701,4.80345266,4.963177321,2.599652891,4.057190617,4.185229607,2.894743,2.684312923,2.71557083,2.58116863,2.07037237,1.832585961,1.431307847,1.252457232,1.090174763,0.938630892,0.720256143,0.611262163,0.66472383,0.88418444,0.833560812,0.718506055,0.747776946,0.892443874,0.380434516,0.384083703,0.294729794
Burkina Faso,8.396474074,8.449637635,11.95840824,11.59939583,14.52019796,11.72506316,10.7595028,11.59061757,10.39251727,8.639394054,10.28833619,10.11167651,9.110107566,7.694955178,6.801562029,6.141853809,5.773266298,5.055258285,4.167620508,4.242015015,4.08225079,2.57609568,2.534826782,2.444158284,2.392595532,2.882821234,4.188301886,3.874684006,3.422185867
Burundi,7.357999099,7.229750731,7.829829217,9.055726267,9.12402259,8.656291697,9.976596355,8.952650233,9.767604783,10.80342293,9.95995265,7.447581319,7.862906863,8.207434767,7.069050241,5.827521237,5.238048411,4.969770798,4.262220485,3.940598914,3.621806182,1.162883859,1.140012329,1.23183586,1.093953101,0.947044475,2.787500253,2.799237567,2.960224509
Cambodia,0,0,0,10.80621298,9.421676463,8.273263077,7.060778002,7.568071868,9.473067045,8.270683693,7.458064891,7.038151697,7.117132886,7.084210129,6.349018118,5.145361907,4.92398498,4.25500596,3.527849987,3.664732064,3.287590754,7.894280776,7.090995957,6.573421104,6.031991103,5.729100381,3.433624725,3.19291878,2.814206962
Cameroon,6.450208183,5.759841469,6.2801024,4.887025661,12.46962582,13.71014537,12.60297889,12.31089041,12.9305543,12.18212056,13.66727994,11.8924021,10.65690852,8.670103597,7.112068891,7.065281158,6.463096744,5.64849108,4.789134714,4.863954267,4.885873378,4.059512481,4.081054435,3.711676534,3.442747717,3.927426028,3.763054098,3.508785682,3.187302942
Canada,1.054478114,1.020147541,1.078074324,1.102686308,1.136366782,1.113460265,1.107917329,1.086630934,1.148892405,1.070636095,0.996886792,1.307567935,1.294248021,1.12161435,0.975676471,0.860376068,0.752,0.701321918,0.644883871,0.702525547,0.606111801,0.461027933,0.453590164,0.454708108,0.471177778,0.541455128,0.477849673,0.451963636,0.443860465
Central African Republic,44.7279033,47.32915766,46.51121422,51.73676443,81.18195751,62.46247209,58.23627039,66.51086907,70.25463228,64.64377566,72.40019503,79.48846619,70.23487185,73.18240737,56.80743397,58.51069274,53.2466556,47.45618281,40.74568305,34.33063199,36.74989122,34.06094524,31.92667527,47.6783287,41.99357868,49.12651082,49.85703729,41.82208299,39.20343275
Chad,14.34482933,16.7116106,17.13741255,22.70287104,28.99550727,24.37202662,23.91520752,26.00522624,25.64198884,30.35173115,33.83973416,29.71049317,27.56126214,21.59460109,14.11757493,9.913814994,9.045995078,8.031085683,6.728026939,7.533316461,6.859701469,6.971561136,7.11792766,6.924750392,6.615847819,8.898311407,9.921984469,10.21459628,9.347667808
Chile,0.916231889,0.782877269,0.695104262,0.675892599,0.64622027,0.548694504,0.597645511,0.635061809,0.676167414,0.771146387,0.696369778,0.468864971,0.488694555,0.46177158,0.405501872,0.332113821,0.272064516,0.289597701,0.305888889,0.304418605,0.260958904,0.073134921,0.077453184,0.085179856,0.066858238,0.095122951,0.20148,0.190505415,0.173724832
China,7.960415512,7.893942559,7.387681499,7.590539326,6.256755319,5.331020408,4.577256944,4.120176715,3.983718447,3.718688073,3.51214876,3.328291045,3.244238095,3.245114458,3.130586735,2.996860262,2.74456,2.300121127,1.842189542,1.773762745,1.621078818,1.372825166,1.253228605,1.164551724,1.062453333,1.004475676,1.000683929,0.927500813,0.842144604
Colombia,4.537237447,4.450380915,3.808864504,3.409193274,2.798166512,2.504559658,2.390178456,2.217383178,2.427782611,2.653674366,2.333346544,2.267651283,2.263201325,2.366195454,1.934444444,1.564041096,1.417654321,1.143300971,0.977024793,1.036681034,0.853484321,0.667164179,0.598221024,0.598560209,0.608976378,0.797883959,0.93360424,0.835288462,0.802245509
Comoros,0.791393092,0.801681084,0.743350437,0.772829193,1.127857709,0.903474333,0.934216518,1.015240711,1.053749959,1.045874705,1.084895072,1.056769658,0.96252108,0.786271071,0.710108306,0.718824663,0.672936114,0.527854951,0.491449224,0.508095793,0.550673696,0.498491728,0.511889939,0.49273257,0.478432418,0.590044067,0.592396287,0.59400078,0.551534184
Costa Rica,1.985402638,1.619472804,1.490280914,1.338953692,1.261428179,1.105661188,1.091382953,1.018158637,0.993581355,0.939021815,0.882302901,0.665478423,0.64344935,0.639101752,0.592046324,0.576992649,0.52294587,0.495064821,0.437723579,0.425032606,0.351770527,0.16586731,0.150624678,0.15056763,0.148088775,0.135095676,0.145386492,0.144147267,0.141031375
Cote d'Ivoire,6.453405643,7.185997009,7.261741979,7.84735538,11.12760699,8.408978658,7.599325696,7.944793229,7.38738906,7.630504026,8.737501514,5.188195459,4.631925311,3.56495826,3.155419788,3.09038458,2.861919278,2.45010635,2.010034993,1.927368075,1.844329495,1.763927586,1.709280627,1.505768164,1.330466581,1.049882791,1.030142573,0.964756278,0.854141483
Croatia,0,0,0,0,0,1.092111787,1.004762025,1.06580671,1.009284057,1.083256929,1.132031602,1.097386367,0.980832049,0.79001466,0.653321773,0.596340716,0.551136535,0.48773645,0.405356769,0.413897142,0.423075992,0.390323612,0.396777568,0.366532195,0.35739325,0.427858257,0.356387422,0.343537044,0.296699536
Cuba,1.525548403,1.432768685,1.308529634,1.122623234,0.929404398,0.926723035,1.251130779,1.330525991,1.291170825,1.183516849,1.109097214,1.053897432,0.954436522,0.872115695,0.807528205,0.728123988,0.605769887,0.563102456,0.533661808,0.545264175,0.57346723,0.482823598,0.458019442,0.41712034,0.394638961,0.366221753,0.466455073,0.407533221,0.3882
Cyprus,0.956872724,1.017296229,0.909991766,0.995403686,0.917084773,0.674510231,0.707157179,0.750956865,0.73083027,0.740147444,0.804138299,0.746304751,0.699635776,0.594611036,0.496519958,0.474139044,0.440895441,0.382581262,0.336150159,0.353820057,0.344701183,0.310533442,0.322276985,0.308775337,0.335537865,0.394609437,0.395639045,0.370888804,0.329911497
Czech Republic,4.245137599,5.230087486,4.359142144,3.597056401,2.919736777,2.322469877,2.096819066,2.232062468,1.978223089,1.903391752,2.178295227,2.019082312,1.597279653,1.3563,1.134833333,0.971605839,0.859551282,0.721368421,0.556962025,0.600821256,0.609808612,0.557130435,0.596842105,0.563443396,0.558516746,0.631117021,0.603469388,0.540182648,0.47
Denmark,0.496449275,0.569280576,0.476732026,0.527972028,0.507692308,0.411405405,0.476489362,0.459252874,0.428531073,0.410168539,0.419512195,0.422424242,0.387932961,0.343440367,0.273067729,0.245037879,0.256042403,0.212068966,0.181784703,0.191152648,0.19189441,0.158459302,0.151192661,0.148197674,0.132379603,0.147359736,0.15715655,0.141626506,0.130896359
Djibouti,2.188676822,2.184152143,2.13363096,2.231527554,2.135495258,2.210060367,2.32791332,2.347438659,2.313969182,2.294433033,2.303934862,2.236130328,2.21612444,2.138110127,1.981767433,1.919187542,1.768821106,1.651101246,1.411262602,1.33446358,1.293624725,1.145951903,1.078578952,0.744070506,0.645691018,0.625440286,0.564612636,0.530627172,0.491234059
Dominica,1.191488424,1.092084462,1.110834547,1.058944116,0.983449055,0.983527202,0.821113567,0.825111959,0.775410548,0.753559059,0.779682929,0.617274744,0.540223893,0.553434595,0.571896809,0.603972369,0.589365568,0.569562776,0.523799959,1.145020219,0.486001215,0.459058081,0.637864944,0.461572767,0.461354446,0.443838656,0.416500623,0.423209553,0.417366759
Dominican Republic,1.22284376,1.006747069,0.995925481,0.905126644,0.943792668,0.864526615,0.837093408,0.847241345,0.87022618,0.880854294,0.833980771,1.029225898,1.059419284,1.234863932,1.150862153,0.75438326,0.762410222,0.684174061,0.62881127,0.616646557,0.5772354,0.555232438,0.543657948,0.522636712,0.491367107,0.497155721,0.478569895,0.443136213,0.438312598
Ecuador,4.619641399,4.194004891,4.062619245,3.868794207,3.297418519,3.192418815,3.225986346,2.962497085,2.942974172,4.057973716,4.306580781,3.075813448,2.648784395,2.349469171,2.155135838,1.936295936,1.77022183,1.626810751,1.364417176,1.400838769,1.299396494,1.006979809,0.921926874,0.883320732,0.832058824,0.840766237,0.91226838,0.867403846,0.85037037
Egypt,3.011476722,3.612672267,3.349102761,3.05826933,2.661567771,2.445343186,2.284942284,2.090223768,2.013113292,1.980030917,1.812025625,2.001662392,2.330230932,2.524646707,2.740584381,2.610471681,2.285233645,1.997,1.648650307,1.453915344,1.261506849,1.203813559,1.056953405,1.014409722,0.974477124,0.933920973,0.951686747,1.358262712,1.3176
El Salvador,1.712491484,1.732560314,1.635875932,1.50443039,1.397247488,1.230673067,1.135992867,1.147557963,1.079853384,1.06166172,1.004673113,1.013634516,0.998879494,0.994420658,0.982162894,0.940263892,0.893131341,0.875865164,0.797247328,0.792540687,0.742631148,0.67196515,0.644342551,0.593425392,0.590435825,0.589208063,0.570449713,0.522434666,0.514599462
Equatorial Guinea,36.03301255,36.87806629,30.80756257,37.63380508,51.38531944,36.86905763,31.18775408,20.07515301,27.97503739,19.46490396,13.50862363,11.23096417,10.84825169,9.107570992,6.035235155,3.57291971,2.994092507,2.168804311,1.495704265,1.995635398,1.815569277,1.374702718,1.30469666,1.280705766,1.212471815,1.896022601,2.04433682,1.846582828,1.739655826
Eritrea,0,0,11.94713952,12.39653396,12.24401563,12.30070554,10.97275485,11.78458381,10.85139662,11.97524258,11.8068298,10.5134652,10.55776006,8.848055529,6.861703727,6.809744739,6.060296416,5.887822604,5.651400736,4.281800533,5.001524216,3.87893157,0,0,0,0,0,0,0
Estonia,0,0,0,4.988790409,4.642028646,3.87298412,3.828315431,3.473388615,3.065699566,2.851416445,2.823990651,2.645681048,2.190585739,1.832422135,1.503573971,1.305828784,1.009856258,0.944506539,0.806686578,0.823536705,1.02876018,0.621592516,0.573887251,0.622046892,0.537472283,0.518463724,0.833073886,0.773978621,0.671212319
Eswatini,2.341430672,2.292105991,2.023714456,1.709392898,1.888263481,1.577414775,1.597244653,1.683462542,1.896120148,1.951050038,1.685747979,1.776363193,1.941031501,1.283210601,1.021630103,0.903047739,0.841598978,0.861829449,0.874292159,0.779238808,0.63530991,0.589150565,0.593452524,0.741674717,0.639937774,0.708895002,0.809744505,0.665459452,0.643028338
Ethiopia,7.728846909,7.12053902,9.377686545,10.63107849,13.8973278,12.8444935,11.95141791,12.46680226,14.54678029,14.99837651,13.67564156,14.48004851,16.42378407,14.79644801,12.8277167,10.78046098,9.095036753,7.583869817,5.69514529,4.89034427,5.473747166,5.196733676,4.009861631,3.781254232,3.38432762,2.997089226,2.690835789,2.486829283,2.428759734
Fiji,-0.538509091,-0.505837414,-0.424336533,-0.360762245,-0.295844185,-0.243611823,-0.201947457,-0.205349145,-0.283681988,-0.257443861,-0.2790792,-0.126498225,-0.200793244,-0.103629818,0.062327974,-0.006651756,0.016114781,-0.01468407,-0.096503565,-0.118441121,-0.057315553,-0.047688049,-0.050352308,-0.009546213,0.041177993,-0.036305029,0.014198195,0.035491434,0.050166687
Finland,0.27141844,0.29828125,0.310353982,0.406998378,0.416699029,0.290597015,0.343863636,0.342125984,0.297089552,0.289851852,0.299920635,0.456821705,0.438,0.40625731,0.332791878,0.260439024,0.298387097,0.24578125,0.192280702,0.203134921,0.23811245,0.041563636,0.022209302,0.023874539,0.008686131,-0.00457265,0.260912863,0.235372549,0.222572464
France,0.376314961,0.39584252,0.34855,0.355439394,0.333410072,0.2951125,0.304925466,0.331710345,0.331346667,0.32657047,0.355639706,0.323978261,0.294959732,0.2415,0.208481132,0.2012,0.186344828,0.159827068,0.143452055,0.148918216,0.153151515,0.13720979,0.147492537,0.140982206,0.127385965,0.151245902,0.149004049,0.142488462,0.129523297
Gabon,1.861467265,2.084058267,2.049212995,2.628667039,2.670122275,2.23035767,1.900232411,2.001195138,2.339733226,2.17671399,1.917967307,1.813561367,1.677458847,1.397440822,1.200738283,0.985100016,0.869514799,0.724986167,0.595324113,0.763598261,0.68950681,0.783072939,0.84447333,0.825199471,0.787191012,1.005346013,1.058907289,0.939750866,0.82847622
Gambia,16.27332249,7.706634265,7.616322586,7.363823423,6.831958142,5.89060786,5.069337281,4.964966852,4.427067991,4.492321849,4.227787564,4.058720196,4.444551782,5.112528791,2.495061579,2.208810958,2.267308184,1.922318417,1.690396854,2.075661108,2.00221294,1.979152145,2.042393823,2.159043809,2.537698235,2.285628262,2.148756103,2.146308105,1.981240266
Georgia,4.356741067,3.719947917,4.216426273,3.442938056,0.779674185,-0.553135974,-1.008098655,-1.091006389,-1.195517416,-1.649984479,-1.390035764,2.500397063,2.20571258,2.011883444,1.586228434,1.366439088,1.177473948,0.970226494,0.703395562,0.90555849,0.774288045,0.951848799,0.925498966,0.933706733,0.943438857,1.13481718,1.148479546,1.058307451,0.960243636
Germany,0.626711864,0.577374332,0.484511737,0.494835749,0.457651584,0.387949807,0.413168,0.450190045,0.432410714,0.426557078,0.476659794,0.501654639,0.461236715,0.381464,0.332309609,0.319084211,0.306314381,0.259298246,0.238463807,0.244797059,0.253814706,0.220144385,0.237240793,0.229142091,0.209904639,0.243517857,0.236512968,0.218255435,0.196113636
Ghana,3.886792408,3.510928191,3.723162824,4.08631492,4.564188281,3.931857528,3.802459718,4.029713605,4.187960222,3.930380276,6.253230458,12.46869666,10.97897753,8.961786761,7.582164811,6.494379647,3.477832399,2.883456061,2.493488034,2.799819453,2.327526324,1.57179005,1.569384581,1.084201485,1.271516305,1.459285465,0.298674431,0.305602894,0.298978907
Greece,0.964745597,0.90047619,0.833017241,0.889908257,0.851452991,0.759343066,0.719863014,0.742727273,0.767013889,0.778811189,0.900384615,0.863455882,0.765,0.599653465,0.500995851,0.495282258,0.443992674,0.391886792,0.340988701,0.344878788,0.35819398,0.372118056,0.414674797,0.393208333,0.385274262,0.454720812,0.452871795,0.430980392,0.395137615
Grenada,6.616354493,6.18437643,6.190344504,6.165025433,5.936419136,5.728104658,5.423652035,5.15055699,4.6198327,4.294522324,3.980429593,4.035014821,3.941984894,3.63778856,3.57191385,3.105431308,3.134389451,2.912940283,2.711943083,3.591453117,2.931207698,2.915279938,3.012943434,2.753316672,2.479436565,2.296872412,2.17589682,2.069850462,2.019344126
Guatemala,3.760722757,3.10862175,2.922178069,2.742996303,2.433137706,2.23057645,2.117406575,1.891509297,1.934985718,1.977245599,2.007379696,1.893833823,1.75343146,1.739254958,1.54807315,1.442043886,1.27649371,1.179018949,0.993958658,1.073578707,0.974405912,0.73151103,0.705717129,0.694573638,0.654251167,0.656898296,0.571958659,0.51681028,0.529280365
Guinea,7.89389946,7.088151132,6.60653748,6.730580614,6.647515432,6.199655919,5.779222925,6.025706694,6.763505166,6.887620822,8.105867791,8.931108668,8.96549797,7.741317666,7.349830206,9.601399706,6.763002336,4.603689762,4.241705903,4.467831825,4.711483393,4.990319154,4.630765965,4.251121117,4.137393537,4.218688418,4.765031603,3.981725992,3.774565737
Guinea-Bissau,13.73164696,13.06628471,15.02341151,14.47985519,14.684659,13.74194707,11.61157668,11.84132632,16.516713,16.7968636,9.373974156,9.296487991,9.071181241,8.126359035,7.329960052,6.558448809,6.98892607,5.954850943,4.503805554,4.806496533,4.859518589,3.682425273,4.528586159,4.062757975,4.123552457,4.378811544,3.706515425,3.251425246,3.043455106
Guyana,24.18161601,28.14653799,26.23314935,21.88938504,18.9137994,17.72767881,16.13255343,15.64464737,16.55678326,17.18591476,16.31896154,17.38354907,16.89776728,16.88952594,16.43788225,15.25069296,5.206279642,4.650364175,4.244362354,4.065500533,3.824739704,5.650995887,5.193091937,5.098610972,5.19664349,5.039907608,4.202826688,3.98258334,3.993620383
Haiti,1.656821658,1.54021519,2.551922691,2.875018565,2.260602021,2.022526266,2.053300148,1.907791764,1.748162912,1.600968247,1.036591367,1.145342538,1.241225466,1.523927422,1.247210484,1.075184276,1.02985808,0.863033754,0.776008398,0.718733677,0.740894089,0.739502364,0.68276654,0.665605376,0.676773614,0.695950141,0.767309946,0.741532116,0.661419149
Honduras,3.61567448,3.859169584,3.695612276,3.67180745,4.049733587,3.663431785,3.672079302,3.393700857,3.138380791,2.955793798,2.733860514,2.544707298,2.534920266,2.764146871,2.539092265,2.377771658,2.158922788,1.964201429,1.751226304,1.671294348,1.544255816,1.485574931,1.416188881,1.463266171,1.386379557,1.319843017,1.260266889,1.164407399,1.170903173
Hungary,0,2.466509218,1.956334979,1.902060012,1.759922288,1.600407439,1.641063928,1.58361153,1.534899018,1.538104767,1.539018496,1.407070053,1.091424045,0.898806552,0.725769231,0.659911504,0.636206897,0.511642857,0.44443038,0.491374046,0.4875,0.441408451,0.459453125,0.418296296,0.402411348,0.47736,0.47546875,0.439020979,0.3925625
Iceland,0.52172895,0.47109033,0.431494872,0.484912408,0.484445807,0.426108018,0.442312308,0.431342139,0.402632657,0.378973281,0.380957052,0.398520118,0.358270541,0.289117231,0.243589505,0.198066551,0.220719518,0.177086059,0.206643283,0.255228918,0.236778243,0.19724844,0.202389581,0.195839748,0.18076309,0.186898672,0.156171465,0.136392352,0.130159795
India,3.144672897,3.942555556,3.808020833,4.044587814,3.592599388,3.445666667,3.281501272,3.240600962,3.28327791,3.181350763,3.201282051,3.603072165,3.436485437,2.989177632,2.687066291,2.411902439,2.206031915,1.819360656,1.931233333,1.841626866,1.533886905,1.434241758,1.507393443,1.514241935,1.464872549,1.429604762,1.342026201,1.208611321,1.234918819
Indonesia,11.85943396,10.8925641,10.11726563,8.299177215,7.502090395,6.737029703,5.193832599,9.920462963,14.39103269,9.011142857,7.223151515,6.3709375,7.658061224,4.968893617,5.902801556,4.345104895,4.534876712,2.546851852,2.133215686,2.747425926,1.490397351,1.876506159,1.846699346,1.792081051,2.262940516,2.40445993,1.559259657,1.437303922,1.638326923
Iran,1.92432,0,0,4.708549417,4.630612944,3.62884059,3.0345,3.347192982,3.542454545,3.750263158,4.057818182,3.458661417,3.596356589,3.202792208,2.790315789,2.517699115,2.32,1.872885714,1.623932039,1.666610577,1.435995893,1.292082616,1.270534224,1.699891304,1.834157044,2.042857143,1.90437799,1.830988764,1.824537445
Iraq,0.436944444,0,0,0,0,0,0,0,0,0,0,0,0,0,2.482533687,2.103697941,1.555412085,1.074740497,0.795227273,1.145089286,1.024347826,0.830702703,0.80587156,0.795659574,0.824553191,1.050056497,1.130228571,1.03225641,0.965133929
Ireland,1.096127834,1.096953878,0.980432355,1.058302861,0.997445418,0.835709423,0.782017756,0.734550699,0.713127625,0.666720168,0.688712694,0.654587156,0.55171875,0.432317073,0.361494845,0.336556604,0.311724138,0.261814815,0.253236364,0.272330508,0.283378378,0.246455696,0.266933333,0.247447699,0.229844961,0.209246575,0.209568106,0.185863095,0.162637076
Israel,0.742183708,0.664221015,0.630282223,0.680384608,0.637206022,0.5903,0.564818182,0.566521739,0.573448276,0.587350427,0.5575,0.561068702,0.624132231,0.601102362,0.573555556,0.532097902,0.522142857,0.467094972,0.390185185,0.405120773,0.381709402,0.343065134,0.37614786,0.302081911,0.280967742,0.2982,0.280595611,0.258186969,0.236981132
Italy,0.387076271,0.363472,0.341757576,0.419632075,0.399563636,0.397017094,0.351725191,0.374629032,0.374677165,0.386456,0.428070175,0.41534188,0.38915748,0.326605096,0.291044444,0.282344086,0.262953846,0.228986425,0.204641667,0.201945205,0.211619718,0.19210917,0.201952153,0.182369159,0.171564815,0.207331522,0.212042553,0.200515306,0.185062201
Jamaica,2.044760853,2.306434398,2.883123539,1.918559261,1.920970827,1.640963798,1.502442997,1.338495086,1.344254792,1.366987336,1.359991113,1.020150935,0.982609567,1.057238201,0.972022189,0.876033014,0.926223066,0.857058501,0.625118437,0.563509925,0.487120176,0.63968297,0.594985365,0.651354386,0.656938293,0.635762128,0.668518801,0.599067663,0.649106478
Japan,0.35443131,0.313927374,0.290831202,0.253849438,0.241708758,0.220522936,0.251749482,0.272972789,0.287012407,0.259278509,0.245100204,0.268369767,0.287779126,0.268179775,0.245908714,0.249214286,0.25701766,0.265533186,0.224865079,0.205271511,0.198268421,0.200534091,0.206045161,0.249806202,0.258004124,0.276840547,0.249119919,0.247088296,0.233276768
Jordan,4.487976543,4.405823529,4.121378985,4.036860453,3.801056447,3.469369774,3.257625539,3.045739118,2.689474162,2.495979294,2.470325247,2.342995398,2.27916588,2.199955497,2.097027544,2.020865548,1.738734285,1.614789678,1.18679498,1.123569125,1.010916116,0.967005005,1.015345189,0.940952743,0.941172803,0.906263346,0.879111488,0.887247574,0.834107566
Kazakhstan,11.44518259,12.79202064,12.81169046,11.85354668,11.88235424,10.83865083,9.164569556,7.442502284,7.42074447,8.779657726,8.055438201,6.639373023,6.662447138,5.685986492,4.457535537,3.584853595,2.791717968,2.230571429,2.109924812,2.171391304,1.863378378,1.472953368,1.366730769,1.255611814,1.12321267,1.355869565,1.981970803,1.680179641,1.515251397
Kenya,3.983734157,4.03853092,4.01016957,5.688663961,4.613784173,3.684368635,2.728738693,2.508429976,2.430821826,2.828781141,2.794096987,4.182963879,4.199960113,3.769326946,3.653853265,3.158838884,2.309730409,2.391874747,2.166866353,2.112285417,1.995245593,1.79651565,1.48236295,1.392641682,1.296379692,1.285938028,1.0396198,0.875451098,0.811245723
Kiribati,1.004784306,0.841836071,0.837907698,1.065652166,0.729493332,0.887500003,0.75170588,0.740329666,0.765288462,0.724299066,0.74344828,0.792377054,0.831065701,0.775779224,0.781501553,0.802611562,0.907153394,0.602992003,0.638105038,0.604138079,0.512423401,0.440274063,0.420514104,0.486187095,0.500825129,0.525953245,0.560761689,0.533970649,0.55911953
Kuwait,1.739222189,3.519005161,1.325876919,1.377112945,1.521622013,1.405593857,1.199937004,1.294016749,1.75443597,1.65184728,1.420736195,1.647580935,1.584265574,1.315885387,1.129727917,0.931080142,0.767058824,0.677478261,0.562653061,0.806226415,0.77573913,0.607662338,0.560057471,0.577873563,0.615398773,0.923565217,1.007706422,0.921157025,0.801205674
Kyrgyzstan,11.82429907,11.4265946,9.371644408,8.312398452,6.948216187,5.412341824,5.433442668,5.554725816,6.093694348,6.949217545,6.308003617,5.947087172,6.240490162,5.554953132,4.888008568,4.263797751,3.740073515,3.116316579,2.533094734,2.697192342,2.56968723,2.099143425,2.361797049,2.062705261,2.098258888,2.430303471,1.94478511,1.683773826,1.79661526
Laos,23.62632677,19.75511878,18.2300704,15.45473228,13.49437314,11.80582443,11.25597493,11.83735526,17.46632329,14.42488861,11.78952364,11.81147512,12.49590021,11.1400821,11.31677708,8.79162263,6.701647075,6.62331166,4.327767696,4.280878145,4.016671287,2.460784852,2.299008446,2.046518863,1.878891998,2.034683811,2.366236082,2.299875322,2.151635265
Latvia,0,0,0,0,0,0.022468897,0.020103485,-0.067468013,-0.121522475,-0.201982395,-0.278013517,-0.3436543,-0.296484941,-0.228946762,-0.180531956,-0.143873752,-0.088765184,-0.047734414,-0.050340884,-0.098414401,-0.059051249,0.317959565,0.313794613,0.290476101,0.279609861,0.324159773,0.305144038,0.27808089,0.258309992
Lebanon,2.5471331,1.861242518,1.502503818,1.532408907,1.366790952,1.313274898,1.198666142,1.182082062,1.099890016,1.146566349,1.088041891,1.138826249,1.047919264,1.033714286,1.007097033,0.964305508,0.899071919,0.756826492,0.774067274,0.733624463,0.652118942,0.643171763,0.642201955,0.602865078,0.628032044,0.652391026,0.658332572,0.668415005,0.623711869
Lesotho,5.583359597,4.81309029,4.343986234,4.33225369,4.133217348,3.583228211,3.794431541,3.617248862,3.909707488,4.524682186,4.59824384,4.941220303,5.065864632,3.463366673,2.640221824,2.490562411,2.366527844,2.598669692,2.576007878,2.678773561,2.159041349,1.944830759,2.090107947,2.180493651,2.156169057,2.27207571,2.502992093,2.403037255,2.271057717
Liberia,0,0,0,0,0,0,0,0,0,0,19.26773455,18.67549669,18.33872708,23.02139037,19.34225195,18.45100105,15.97855228,13.0225783,10.42873696,10.7239819,9.284284284,8.065054212,7.364939361,6.726442778,6.95610687,7.299338999,6.888712214,6.854453949,6.942401961
Libya,3.644059133,3.21050039,2.944684205,3.27787784,3.694431223,4.211143914,3.938013793,3.569214291,4.073793439,3.042523553,2.908267524,3.382286192,5.866157927,4.698917311,3.843935066,2.822275334,2.451696723,1.962787134,1.588470921,2.246133142,1.950023838,3.318789802,1.440389942,1.666339196,2.485737307,3.048617167,3.306467393,2.549412107,1.958641613
Liechtenstein,0.175874736,0.168446356,0.159392063,0.155399738,0.128328967,0.102945841,0.103832487,0.117472494,0.112915913,0.105104076,0.108697704,0.108354418,0.104142226,0.094441274,0.08395181,0.07925118,0.072495663,0.058679074,0.057070516,0.059939405,0.051157271,0.036585509,0.040322511,0.035983965,0.030042792,0.030310806,0.030462074,0.028994979,0.026174275
Lithuania,0,0,0,0,0,2.960414945,2.867872793,2.353084918,2.196707615,1.999711264,1.755348519,1.647410378,1.439012266,1.101602967,0.956358098,0.872874605,0.758690775,0.602047091,0.488100315,0.527975168,0.553334667,0.319396093,0.322051501,0.278192994,0.256513022,0.306864941,0.423310314,0.379197633,0.338961704
Luxembourg,0.873821403,0.840671854,0.729502643,0.723604773,0.605158055,0.414115684,0.414205889,0.431787846,0.387943622,0.370121706,0.416205885,0.443767119,0.433174863,0.359640122,0.347986217,0.329340243,0.285516858,0.226378902,0.204835527,0.211405201,0.215363025,0.193151761,0.200077766,0.17509092,0.156117979,0.169886433,0.156529375,0.150198004,0.140158007
Madagascar,14.14786627,17.11978876,15.08761717,13.90741886,16.03247081,14.82764503,11.67105018,13.36393713,13.21908897,13.53700386,12.23525098,8.975177201,8.703773875,7.712830109,9.500994958,8.929440246,7.944384751,6.116401139,4.730941688,5.371804621,5.22803874,3.484299123,3.54349061,3.220494507,3.202917098,3.633305094,3.530370422,3.078251047,2.980488459
Malawi,10.32554961,8.490860283,9.913770855,8.253499058,13.39479204,11.64256872,7.207257347,6.191718121,9.608220716,9.533077854,9.744729772,10.096109,5.140530139,5.818307241,5.419875669,5.320153337,4.817384392,4.419192016,3.76620073,3.175511969,2.94267436,2.623687914,3.627775365,4.075101627,3.890662344,3.830093451,4.597794101,4.029640216,3.878679918
Malaysia,4.704460317,4.368259021,3.741915955,3.360349019,3.110970884,2.695553528,2.449207921,2.5786,4.002217121,3.376441329,2.973353049,2.912572785,2.86039604,2.710909091,2.58208,2.336111111,2.038650307,1.840360825,1.594632035,1.815445545,1.486862745,0.522147651,0.49656051,0.539752322,0.608076923,0.637508306,1.257674419,1.144200627,1.081086351
Maldives,0.976340004,0.859007102,0.982961904,0.806635152,0.758673358,0.827090564,0.777117525,0.826407901,0.740608531,0.882493071,0.896951278,0.678020843,0.802647622,0.608295022,0.700993867,0.722044973,0.634839863,0.540574256,0.449013586,0.460496465,0.440464627,0.439742363,0.478142218,0.421849833,0.446265376,0.403947266,0.484116018,0.469043912,0.449075825
Mali,6.678071391,6.559888796,6.334181849,6.440096214,8.843111224,6.927957706,6.909022636,7.485802297,8.43732003,7.533152398,8.503350797,6.446761136,5.815271763,4.977139953,4.724055755,4.270510602,3.909713771,3.430032829,2.998344356,2.906501799,2.974974516,2.520955093,2.686878703,2.614274313,2.449728111,2.798210912,2.926719114,2.74248489,2.562276269
Malta,0.989335753,0.88362305,0.797508803,1.125802598,0.920438697,0.704225258,0.672267529,0.719667503,0.655766928,0.647845853,0.592208081,0.679977768,0.586071232,0.535935627,0.478838259,0.462891945,0.449963732,0.396195941,0.338818722,0.332322686,0.330901111,0.30916338,0.33395904,0.268204214,0.244274148,0.194744874,0.15944819,0.152887019,0.137619742
Marshall Islands,0,0.363605512,1.207954932,1.10596113,1.110381138,0.998087,1.082465857,1.083956006,1.157825924,1.137096189,1.127029194,1.139842376,1.138621903,1.141565543,1.195757453,1.197836848,1.168592897,1.16970769,1.110125784,1.120096776,1.109982629,1.032512085,0.984279955,0.958939285,1.028753665,1.029254668,1.096937351,1.033441218,1.084608502
Mauritania,4.724886803,3.449417677,3.340584036,4.027389252,3.789443203,3.571204183,3.747510857,3.996136938,4.211881593,4.597355297,5.366612369,5.532440977,5.486594555,4.83631698,4.21587119,3.44343759,2.614389541,2.481479297,1.973349426,2.311013115,2.043034382,1.717756955,1.79393956,1.669651741,1.903667512,2.1437174,1.901935605,1.899860561,1.842770202
Mauritius,0.851711714,0.826072911,0.7598625,0.799787113,0.756013602,0.680634789,0.660343066,0.723604968,0.793828897,0.88403685,0.915657909,0.971035691,0.92950044,0.808038598,0.71745122,0.756694226,0.759731027,0.67238119,0.559538835,0.612344843,0.585784976,0.506146979,0.513339741,0.504549091,0.494398151,0.544803593,0.531372926,0.50530375,0.473136593
Mexico,1.599425287,1.391214058,1.207493113,0.914171657,0.915909091,1.290555556,1.193576642,1.03718,1.052049336,0.888366667,0.79019774,0.611717305,0.607551813,0.675843621,0.635626598,0.594891676,0.557846154,0.538371429,0.536738739,0.644566667,0.551160377,0.57690678,0.5618,0.526653543,0.499984848,0.585461538,0.64687037,0.598775862,0.569885246
Micronesia,0,-0.120336943,0.505334082,0.453629032,0.49382716,0.722102148,0.732149174,0.774344795,0.776705772,0.772234096,0.728763614,0.788476949,0.742215398,0.814886676,0.832514694,0.799098936,0.709941828,0.700969519,0.608029562,0.642204388,0.538821953,0.546094206,0.550040382,0.598963981,0.595105352,0.631931698,0.662121703,0.627272499,0.597115484
Montenegro,0,0,0,0,0,0,0,0,0,0,2.204617815,-1.388087498,-1.253225449,-0.936927201,-0.844091717,0.013290953,0.0330651,-0.027168658,0.079196167,-0.168296321,0.012068748,0.895573263,0.936988926,0.826519876,0.782520064,0.910414734,0.784186707,0.734837857,0.695825294
Morocco,1.152414675,1.120940526,1.106758125,1.168834193,1.126554465,1.043548606,0.959420905,1.107596102,1.059411749,1.116207946,1.224481876,1.313749371,1.269981467,1.035455191,0.980444441,0.984071631,0.93093286,0.824126175,0.736266555,0.739418529,0.777757244,0.799306931,0.844643529,0.783364486,0.778272727,0.874752475,0.842038835,0.828727273,0.782627119
Mozambique,0,23.35824801,32.91708801,31.98669238,31.20910598,30.18122346,18.5646139,14.91342282,13.68762851,11.85662014,12.10648263,16.00239013,15.23338923,14.50013142,11.8449184,11.13196202,10.23113599,9.185861593,8.037466643,8.030570221,9.398766505,6.518767736,5.980745458,5.854726244,5.632170145,6.200250272,9.029069823,8.048212561,7.414183178
Myanmar,0,0,0,0,0,0,0,0,0,0,24.9498427,31.11863438,29.55751874,20.26729445,21.30807758,18.06627999,15.24834898,11.40890657,6.821800892,6.164008074,4.691889057,3.379610483,3.524654035,3.549874633,3.38430651,3.358606422,3.293629737,3.335660402,3.040907812
Namibia,0,6.662989984,5.807751139,6.1675155,5.510572112,5.11099845,5.07940914,4.848087506,5.388697532,5.409857667,5.602513114,6.178712447,6.139202264,4.318376102,3.283726759,3.081032948,2.962958048,2.590004664,2.49043944,2.727461685,2.083742554,2.305666612,2.304114548,1.936524661,1.82333436,2.010265399,2.193962261,1.84040704,1.671595564
Nauru,0,0,0,0,0,0,0,0,0,0,0,0,0,0,0,0,0,0,0,0,1.051203712,0.756940295,0.515851066,0.507656248,0.573315791,0.691409397,0.699389091,0.638768064,0.645049998
Nepal,5.678744488,5.352576312,6.130168472,5.956216345,5.628537878,5.475898254,5.478173097,5.220900279,5.526892586,5.711569835,5.361967177,4.513026734,4.363004769,4.367762026,3.830112216,3.527563314,3.148042467,2.789179297,2.420800177,2.524312462,2.120272977,2.249178244,2.37858881,2.375569553,2.388645425,2.186742697,2.466732342,2.107179106,1.870532325
Netherlands,0.646037736,0.642652439,0.579008264,0.609293785,0.568416887,0.488539823,0.515,0.534652278,0.509315068,0.471185682,0.501322115,0.485730858,0.442478814,0.360587219,0.320152207,0.298832117,0.272892224,0.236021251,0.208533755,0.221705069,0.239952774,0.210464602,0.224648391,0.214435576,0.202861953,0.247973856,0.241734694,0.222913669,0.196925602
New Zealand,0.992853534,1.043856727,1.091961243,0.952633,0.836847583,0.743913712,0.685620577,0.762616582,0.869508462,0.870286464,0.974663649,1.058983312,0.879363601,0.691437821,0.573653846,0.531913043,0.548482143,0.438978102,0.452330827,0.474049587,0.388707483,0.370946746,0.369034091,0.337853403,0.323482587,0.367062147,0.371276596,0.348536585,0.339951923
Nicaragua,29.33264564,18.97496087,16.26506024,16.98307829,7.804440914,7.13445575,6.861092284,6.924883435,6.767678858,6.57987157,6.367320366,6.885025529,7.105376422,7.194048711,6.517048659,6.050936439,5.679128445,5.197102081,4.526331843,4.646494621,4.447037899,2.805326675,2.636713881,2.553961234,2.437621372,2.341513447,2.910564244,2.791981107,2.960064443
Niger,5.455027359,5.989414477,5.974190919,9.485876956,11.09357832,9.619820849,9.539894104,10.27367893,9.276060921,9.917775023,11.63588677,9.11090221,8.313585761,7.088803261,6.63485488,5.904206319,5.647173814,4.900998379,4.023240023,4.18110031,3.935708157,3.70684836,3.710652544,3.600035935,3.593869145,4.21657853,4.111054772,3.958160542,3.603967456
Nigeria,4.624156972,5.294550006,5.695792919,9.805347239,8.003418436,6.022586235,5.406472701,4.899570448,4.737377524,4.206316437,3.557587074,3.35592026,2.651756852,2.481809524,1.942794118,1.597670455,1.169915254,0.993333333,0.822255193,0.886541096,0.778808864,0.73891358,0.665877193,0.62497053,0.599213894,0.663716632,0.816395062,0.897340426,0.900554156
Norway,0.257583333,0.232295082,0.220534351,0.254049587,0.254173228,0.207894737,0.197865854,0.211552795,0.231428571,0.231975309,0.188362573,0.143908046,0.12505102,0.115502183,0.101773585,0.083236246,0.075549133,0.066758105,0.05474026,0.063989637,0.067738928,0.062590361,0.058882353,0.055659656,0.058995984,0.076813472,0.078644986,0.070276382,0.065483871
Oman,1.265720359,1.689373509,1.455958771,1.398371013,1.345320395,1.399736202,1.289455765,1.343650546,1.536767253,1.593617207,1.389212661,1.535574711,1.564334082,1.490266933,1.297059128,1.046586727,1.140376485,1.098243631,0.747880496,1.001067126,0.922108118,0.865296451,0.853994181,0.869192871,0.893206213,1.114917769,1.188903437,1.112070749,1.031724152
Pakistan,4.161415538,3.670118107,3.613611961,3.59911566,3.693387499,3.357904953,3.326746549,3.48467883,3.559463553,3.714874964,2.878157703,2.998072427,3.062512293,2.752163315,2.495277778,2.31475,2.169051095,2.065394737,1.864117647,1.948035714,1.816610169,1.535654206,1.4840625,1.484329004,1.46102459,1.369889299,1.42078853,1.382295082,1.391174603
Palau,0,0,0,0,0,0,0,0,0,0,1.572138963,1.465828043,1.409444134,1.493863469,1.513443617,1.470179766,1.403454786,1.307204658,1.159952977,1.173190673,1.236938201,1.218824129,1.129955207,1.085397246,1.034469346,0.891400022,0.982832958,1.048559489,1.141081538
Panama,2.193048239,2.066525878,1.901188506,1.771687868,1.693487371,1.679581461,1.624032191,1.492888722,1.466893002,1.327260121,1.319883632,1.282993346,1.179747099,1.1421076,1.043069464,1.058359785,0.985025284,0.840534057,0.716730794,0.723909864,0.688851676,0.616095162,0.546133164,0.491666667,0.461324279,0.415960304,0.392348513,0.358250695,0.344090578
Papua New Guinea,11.94199378,10.42933215,9.250840635,8.35452405,7.712456828,9.913595817,8.802572594,12.13989675,12.23662681,13.66392809,13.88392038,15.84213451,16.53936236,14.02834355,12.99922278,10.2468345,5.940150824,5.18167447,4.161653845,4.187738101,3.415257595,3.154866965,2.697263293,2.757104877,2.593633337,2.891334722,3.061794326,2.803547616,2.65828714
Paraguay,12.93161029,10.33307558,9.993818962,9.897188393,9.11449168,8.137158482,7.529326742,7.516136856,8.112969009,8.861534186,8.326835507,10.57109772,12.51344334,11.92895806,9.30859273,8.471245486,6.782864177,5.305699202,3.763924834,4.231091159,3.572902415,3.273269539,3.353941421,2.935831726,2.858488374,3.194883868,2.611617702,2.489175526,2.359557441
Peru,3.932165072,2.988224207,2.877137581,3.004414561,2.388035505,2.100058771,2.091130348,2.009371938,2.110034283,2.419734486,2.359466459,2.408603067,2.325039945,2.167508381,1.97173216,1.751103586,1.498140979,1.34127451,1.169173554,1.20322314,1.011959459,1.029302326,0.919274611,0.88960199,0.906467662,0.967631579,0.978958333,0.880900474,0.838648649
Philippines,2.216349981,2.163700498,1.895374249,1.948201818,1.774065035,1.698327329,1.627435438,1.741955043,1.901476939,1.721787445,1.730841963,1.828155615,1.731639834,1.713252105,1.609229371,1.441121495,1.15015625,0.979294872,0.861712707,0.897556818,0.787259615,0.708333333,0.652290076,0.641830986,0.64013468,0.651045752,0.664702194,0.696189024,0.676714697
Poland,6.504617182,4.970004075,4.390109686,4.306702296,3.684234234,2.876338028,2.6440625,2.596289308,2.188285714,2.189647059,2.085988372,1.574293194,1.471758794,1.39793578,1.211843137,1.015163399,0.940492754,0.756317016,0.595842697,0.687113636,0.667291667,0.683087121,0.708817635,0.668618042,0.618560886,0.709518828,0.727928118,0.677741935,0.607734242
Portugal,0.734813409,0.667461589,0.588703704,0.65782721,0.646111725,0.57779661,0.541707317,0.589145299,0.597419355,0.636377953,0.680762712,0.650578512,0.623880597,0.477030303,0.426455026,0.424873096,0.375167464,0.320791667,0.285267176,0.302745902,0.288235294,0.270653061,0.299166667,0.27840708,0.271782609,0.334874372,0.324320388,0.324751131,0.277479339
Qatar,1.912929268,2.359259259,2.147484871,2.422940415,2.472048505,2.347039394,2.213185414,1.919842442,2.255376258,2.047101594,1.364310243,1.492149123,1.575109245,1.361446599,1.111108803,1.006276721,0.805654954,0.701901073,0.527565217,0.646125409,0.55072,0.433571429,0.432406417,0.415577889,0.431747573,0.570740741,0.623026316,0.604596273,0.545519126
Romania,6.306376035,7.016180407,7.24553838,6.470078559,5.556545602,4.612222164,4.763235948,4.590594076,3.496896051,3.621138456,3.618743797,3.418012112,2.930137222,2.435884984,1.839203562,1.384419855,1.129016393,0.765428571,0.616401869,0.662528736,0.675783133,-0.904480874,-0.983859649,-0.930942408,-0.89355,-0.994550562,0.441276596,0.404198113,0.357385892
Russia,5.580502901,5.383590734,5.547695652,5.274988506,5.092329114,4.875959596,4.819336735,4.334790123,6.421512915,9.044285714,7.042653846,4.740846906,4.281652174,3.620069767,2.710033841,2.104842932,1.699111111,1.300123077,1.040512048,1.29142623,1.112453947,0.909687805,0.853579186,0.805449782,0.893815534,1.317066176,1.498640625,1.235197452,1.192862275
Rwanda,2.619417172,3.483990699,3.247862626,3.302010728,8.465621159,4.754413253,4.550272221,3.461948777,3.302597071,3.133563357,3.286723737,3.422031554,3.484403384,3.208238855,2.865697564,2.297767472,2.111955642,1.774114249,1.430748042,1.327244031,1.270386463,0.990575065,0.911805855,0.914376231,0.870707636,0.918618439,0.88648518,0.838637957,0.811544171
Samoa,3.737091034,3.742121491,3.552450469,3.605690763,2.351897115,2.312491093,2.120772207,1.856551015,2.00384796,2.086281115,2.044459865,2.08723655,1.978624736,1.711729222,1.403691837,1.310227456,1.205932937,1.069295245,0.968897233,1.060361923,0.94999481,0.881473432,0.854645129,0.857118742,0.898377734,0.926034773,0.963250806,0.93732694,0.973833027
Sao Tome and Principe,0,0,0,0,0,0,0,0,0,0,0,1.448298171,1.291514743,1.175484299,1.134553092,0.952728018,0.910519744,0.87162667,0.744596922,0.798635016,0.813619312,1.555151739,1.515874076,1.297604687,1.096592641,1.233921957,1.128814009,1.064921456,0.994513608
Saudi Arabia,1.61559322,1.612348485,1.660729927,1.774285714,1.852518519,1.783706294,1.696289308,1.52753012,1.849659864,1.720185185,1.534421053,1.619076087,1.675,1.534907407,1.351081081,1.117347561,1.033183024,0.991802885,0.865596154,1.097389277,0.974545455,0.796140089,0.771875,0.784216867,0.832526455,1.009740061,1.02972093,0.95222061,0.810825921
Senegal,2.651614332,2.753382613,2.646670092,2.847316069,4.255956033,3.442183313,3.517750225,3.908541311,3.828358157,4.090778665,4.503531482,4.192781557,3.763044991,2.854928649,2.654551694,2.521133057,2.382711144,1.988664391,1.73158493,1.830970598,1.900696995,1.67632957,1.666255389,1.637704349,1.599716757,1.832935457,1.79356297,1.624075195,1.478739414
Serbia,0,0,0,0,0,3.604315677,3.124024967,2.843067946,3.73677032,2.856308268,8.343700558,2.080932018,1.766845655,1.478936915,1.479230629,1.149793743,1.050733516,0.784091343,0.622674294,0.645662781,0.68245726,1.332368724,1.405935127,1.274118587,1.142317877,1.514778655,1.5752233,1.458157029,1.234383834
Seychelles,0.596877637,0.641094894,0.553419773,0.548619483,0.5755973,0.55094087,0.636096313,0.763821388,0.854744011,0.979156025,1.089643924,1.173139181,0.903202177,0.921064991,1.012724675,0.859533459,0.826431459,0.725646116,0.837469334,0.731651609,0.577357369,0.487884207,0.53762116,0.406578253,0.446758373,0.471871023,0.48364991,0.485409254,0.491800488
Sierra Leone,11.49859075,9.564329913,11.13238572,9.963419747,8.377964904,8.394977475,6.965813285,7.692144531,9.920045814,9.471383715,10.25360367,6.373411999,5.888264109,5.996492714,6.026771994,5.271147951,5.389599616,4.368780941,3.456452897,3.667631346,3.386311462,3.184316409,2.759173877,2.123835592,2.187368853,2.66194241,3.00152836,2.909419212,2.587442589
Singapore,0.873165835,0.764084677,0.716282581,0.729826098,0.648655862,0.559724915,0.525359928,0.5069,0.579271887,0.586546897,0.575074683,0.611949826,0.584302065,0.521888126,0.455565217,0.388125,0.336442953,0.283977901,0.266494845,0.269329897,0.23325,0.211648746,0.198847458,0.193409091,0.192952381,0.202954545,0.200595611,0.192982456,0.178739946
Slovakia,4.515437452,3.46898123,3.03119981,2.679672272,2.061207723,1.631182708,1.510830599,1.515915593,1.366894396,1.292138841,1.260200864,1.249668709,1.077985561,0.815095689,0.654084806,0.611448807,0.53628935,0.427278844,0.3681,0.372502889,0.384893406,0.343614174,0.335855402,0.327672687,0.294455446,0.340915943,0.418491927,0.412798967,0.366603774
Slovenia,0.45883661,0.551882748,0.538887881,0.586020553,0.521607838,0.408388372,0.443571712,0.482586856,0.440255481,0.39891888,0.431747697,0.359258893,0.322266299,0.254431343,0.225484486,0.219850659,0.210987323,0.172060489,0.166509131,0.144138975,0.156972669,0.318345432,0.33898336,0.313004262,0.272377597,0.317473775,0.390733854,0.363268859,0.323291564
Solomon Islands,20.72077569,19.61193314,16.65524772,14.94234373,11.20203894,9.578411916,8.698536581,8.352159627,9.657359901,8.981871084,10.4154684,5.325125,6.395371564,6.524402875,5.910297375,5.011545805,4.436863872,3.88565529,3.432704449,3.288309715,2.881443841,-16.23883398,-14.29897899,-13.21710458,-12.73643178,-13.02157506,33.57873306,31.21127009,29.07844549
South Africa,2.754482759,2.544032258,2.314222222,2.394477612,2.334357143,2.176322581,2.350472973,2.361830065,2.67326087,2.539051095,2.58125,3.152622951,3.480695652,2.410457143,1.962139738,1.742829457,1.661764706,1.579832776,1.756445993,1.633310811,1.350053333,1.179447115,1.286742424,1.415367847,1.514330484,1.595849057,1.717027027,1.4896,1.414402174
South Korea,0.863074205,0.814471299,0.826264045,0.826997455,0.759935345,0.678994709,0.676918033,0.76977193,0.976396867,0.826947791,0.814895833,0.85479927,0.735661882,0.667339972,0.621992434,0.522631016,0.473295238,0.432264957,0.49507619,0.565137712,0.514307018,0.496272,0.488148438,0.455868613,0.414736486,0.432204082,0.434086667,0.410209877,0.391325581
Spain,0.43320298,0.41389948,0.394057052,0.445428571,0.464764595,0.423902439,0.395272162,0.467305085,0.460791599,0.488173228,0.54840871,0.556060606,0.518283688,0.413823204,0.365102804,0.352530435,0.316888889,0.282680272,0.234552147,0.231879195,0.232612676,0.230391892,0.253568182,0.228607407,0.224153285,0.264725,0.245504065,0.243015267,0.220464789
Sri Lanka,3.628984039,3.233203078,3.189731308,3.03713831,2.758243018,2.491999515,2.3162042,1.991795092,1.738527838,1.708574337,1.582284858,1.494626538,1.483986763,1.365338431,1.257348694,1.145629738,0.933881642,0.846052236,0.679621937,0.637566231,0.494484434,0.446297616,0.445828353,0.381738931,0.393414777,0.428142095,0.451571978,0.432698285,0.420125827
Sudan,5.901529539,6.514504995,11.05453102,8.973420499,6.579547798,6.173649677,9.952049369,8.343110452,9.258396743,10.09170036,8.734302538,7.208537186,6.776918093,5.851584131,4.928353576,4.174247922,3.064562218,2.510950765,2.134371888,2.369027762,2.005241292,2.034509015,2.290078673,2.098721656,1.883997114,1.69581848,2.51119169,2.885537306,3.943434713
Suriname,15.7569516,14.43874135,16.26297578,15.20647551,10.81763952,9.644435572,7.870803011,7.29688668,6.148444885,7.762690069,6.521243843,7.911019177,5.550605082,4.94431636,4.480852662,3.808432538,2.581499584,2.271324898,1.941709631,1.806260575,1.677960644,2.684137835,2.479919679,2.368941758,2.410026599,2.661170019,4.288973883,4.122867785,3.795469929
Sweden,0.268167939,0.25879562,0.258661972,0.344694836,0.328515284,0.280074906,0.27510274,0.27641791,0.276273063,0.268613139,0.26391635,0.226404959,0.210187266,0.170988024,0.144649351,0.133010204,0.11964539,0.098818737,0.091467181,0.099542334,0.098951613,0.058937282,0.056123188,0.04988075,0.048024055,0.055148515,0.06370155,0.060073937,0.054144144
Switzerland,0.198410853,0.204597701,0.195992647,0.192613636,0.170546075,0.148396501,0.156030303,0.174320557,0.174813559,0.178241379,0.187095588,0.185089606,0.165980066,0.14490085,0.130964467,0.127848411,0.12062645,0.104291667,0.093231047,0.092583026,0.08859589,0.0683,0.073413174,0.072656023,0.065246827,0.066897059,0.068479881,0.066117647,0.062099291
Syria,4.699956605,4.792081242,4.780600216,4.661958022,6.644918702,6.266722711,5.412790201,5.176752072,5.154318338,4.871526031,4.001884536,3.690076462,3.635858359,3.610476343,3.234353417,3.19692679,2.887242335,2.4729609,0,0,0,0,0,0,0,0,0,0,0
Tajikistan,6.777224248,6.687127884,7.301309166,6.740780262,5.670102146,6.528267689,7.10004864,8.301032416,5.748945674,6.543314501,7.855704934,5.930962631,5.290221905,4.25640946,3.458270231,3.139693615,2.724169166,2.252987254,1.691422093,1.684914221,1.494103719,1.327664502,1.236727161,1.167075244,1.240048806,1.512489036,1.944574415,1.965669879,2.00453338
Tanzania,24.12683594,20.78042278,22.38442715,24.19145239,23.05553718,20.55098944,15.54756176,13.14444805,8.557144288,8.239968623,7.627106785,7.91214952,8.03137592,8.049653548,7.344709695,7.009602554,6.663417177,5.818199058,4.665157734,4.574397531,4.269661188,4.063809133,3.73639392,3.336651113,3.120597599,3.475197735,3.552254699,3.291221677,3.027006308
Thailand,2.039064359,1.893628301,1.783063063,1.659147287,1.556734694,1.466982249,1.46704918,1.8378,2.257894737,2.103858268,2.130714286,1.9475,1.835447761,1.704934211,1.629306358,1.522804233,1.311936937,1.165627376,1.065360825,1.097907801,0.966099707,0.980188679,0.969924623,0.945690476,0.967739558,0.986708229,0.99496368,0.940657895,0.850532544
Timor-Leste,0,0,0,0,0,0,0,0,0,0,3.078281796,4.607739956,6.944132325,8.360516908,11.11784484,12.72006469,13.72863577,12.01189472,10.62463772,9.919084484,8.527750741,7.025525317,6.438518336,5.274002336,5.064563162,4.61612528,4.380202551,4.289274419,4.269518414
Togo,4.231075646,4.187730496,3.780363012,5.107430976,6.706530494,5.055816809,4.872229234,4.61656216,4.970561077,5.304250253,5.342074995,4.017170941,3.791181966,3.35844955,3.040857984,3.420188839,3.072999982,2.591107026,2.178064851,2.573006997,2.475607326,2.308610478,2.17385221,1.91361845,1.746453227,2.090475904,2.019175842,1.834043931,1.722476577
Tonga,2.201405303,2.042342433,1.82393496,1.877393442,1.37761451,1.244783352,1.08059167,1.162836789,1.253231641,1.305125089,1.171591284,1.269897752,1.313171245,1.285556897,1.17056443,1.069528542,0.992361801,0.904480325,0.783907007,0.896351717,0.708755838,0.603102279,0.552352286,0.576952588,0.6138054,0.617840166,0.737147163,0.738521724,0.715401848
Trinidad and Tobago,3.005130229,2.665834759,2.408286148,2.923232374,2.870307079,2.698334043,2.541870667,2.645635742,2.579548063,2.318995526,1.969503783,1.953569133,1.992612631,1.530234091,1.359158589,1.365261817,1.33700894,1.136236564,0.855351355,1.204350147,1.159854673,1.04273928,0.999098711,0.976585472,0.945109657,1.025819286,1.030748325,1.03226594,0.967315946
Tunisia,1.541019074,1.528132482,1.337653548,1.526461843,1.425878916,1.273371257,1.248256348,1.212260824,1.216784251,1.219071789,1.376134684,1.35637916,1.296327816,1.100422776,1.005671677,0.987822407,0.957867856,0.863831092,0.752174937,0.790013821,0.831991531,0.877089074,0.913104895,0.886466136,0.907996807,1.020302258,0.859783715,0.928586513,0.938137316
Turkey,1.253443709,1.278266667,1.260886076,1.142944444,1.533740458,1.275147929,1.288729282,1.275736842,0.882572464,0.951132813,0.97620438,1.085544554,0.9565,0.766507937,0.605696822,0.514367589,0.520017953,0.469295154,0.413220779,0.495531587,0.426473616,0.401954708,0.398808173,0.357588727,0.391320554,0.433078704,0.496747126,0.551839348,0.609087404
Turkmenistan,24.82489917,21.80419051,17.55641336,16.72734208,22.42770008,23.92205288,23.92843355,23.54357892,22.99200768,27.28350993,24.03032968,20.60651782,17.30622414,14.11612558,12.99436061,11.02431891,8.733370039,7.443838519,4.898419244,4.260826925,4.069404307,3.477537058,3.098036281,2.915233679,2.75180178,3.523771139,3.48092869,3.312214672,3.068608759
Tuvalu,2.266430716,2.135573464,2.05276657,2.07667866,1.837082727,1.813903479,1.621422756,1.574690937,1.567688928,1.46122554,1.455386191,1.515548198,1.294415104,1.097027773,0.92872362,0.915788696,0.873253346,0.739908371,0.660279126,0.737978079,0.62846601,0.516638204,0.530901451,0.533204298,0.536328075,0.563506094,0.547228561,0.738566038,0.704421052
Uganda,7.898896236,10.40120955,12.20315459,10.96434353,8.78601957,6.233691562,6.071549662,6.091556804,6.038133932,6.621585585,6.40051996,6.754554211,6.540355117,6.403926192,5.356768953,4.847810853,4.434913075,4.009220063,3.805295193,2.237817861,2.215452699,2.146817206,2.264546479,2.172159397,1.978913549,2.048801822,2.363240203,2.270416853,2.148185796
Ukraine,10.72591517,10.6899205,9.952633927,9.853224518,10.49580721,10.80622692,10.30632429,8.670120314,9.716535437,12.76953261,12.31577701,10.75441797,9.70541985,8.81575471,6.27093278,4.505221831,3.639259259,2.806013986,2.151222222,2.798034188,2.539485294,2.312515337,2.073011364,1.933879781,2.372985075,2.911976338,2.97752709,2.249642857,2.003282443
United Arab Emirates,1.374911538,1.479084323,1.37944584,1.397928306,1.422643391,1.380817419,1.306081124,1.317368166,1.432321779,1.334470586,1.089807692,1.236601942,1.196363636,1.123467742,1.000135135,0.865745856,0.734009009,0.675465116,0.634571429,0.795590551,0.719241379,0.611481481,0.604186667,0.609307692,0.595583127,0.706284916,0.727310924,0.699015544,0.623791469
United Kingdom,0.684770642,0.668105263,0.62670339,0.681707547,0.624342105,0.524291045,0.508929577,0.449403846,0.422678788,0.399553571,0.405945783,0.417463415,0.374617978,0.329009756,0.276789256,0.26138189,0.243915129,0.208232258,0.214232877,0.236817427,0.235322581,0.20337594,0.208314815,0.194878136,0.164326797,0.166136519,0.172594796,0.168629213,0.154241259
United States,0.930112416,0.893168831,0.856411043,0.829629738,0.793168724,0.764908377,0.744810409,0.729425408,0.694679912,0.653296989,0.62584466,0.604343396,0.573114679,0.548358261,0.523542623,0.492393846,0.457015217,0.441218621,0.423143537,0.4023375,0.402772667,0.373985806,0.342646296,0.3387375,0.326351429,0.306960989,0.30357861,0.287878974,0.281279126
Uruguay,1.671176252,1.531326448,1.457501838,1.287152573,1.098162334,1.005303072,1.008991084,0.850235732,0.785474529,0.873917941,0.835551254,1.050300121,1.637453338,1.924349154,1.833216078,1.455405582,1.398915131,1.125559823,0.951386328,0.89858437,0.646402757,0.639458719,0.614851751,0.530668269,0.524145523,0.558805984,0.669607114,0.576851149,0.577043582
Uzbekistan,14.81444566,14.67067863,14.7079535,16.96692612,15.48085663,14.30211936,13.8620327,12.73957597,13.26441937,12.04265068,16.38238226,19.20111482,22.99183139,21.48315165,18.30420357,15.18503237,13.85507484,10.67167747,8.37850089,6.570647105,4.858196303,4.23293955,3.571492867,3.331006265,2.908482108,2.684629844,2.782376474,3.913965754,4.606628042
Vanuatu,2.960696044,2.533102069,2.534807874,2.793130951,2.396221149,2.286097021,2.257335963,2.199645638,2.287514573,2.276060183,2.169000481,2.209928626,2.170629796,1.876164685,1.589054727,1.519131363,1.365570527,1.386703538,1.200739624,1.180198958,1.055929615,0.959414614,0.972236415,0.94788201,1.006191381,1.06622445,1.069209168,0.977224361,0.95113099
Venezuela,6.700643761,6.122635385,5.486922734,5.623240457,5.828787602,4.508981428,5.152161267,4.315409445,4.057868352,3.726082896,3.203589744,2.588861789,3.498626847,3.810303814,2.866428571,2.300684932,1.793934426,1.447043478,1.090696203,1.046606061,0.886717557,1.164620253,1.017480315,1.058652291,0.817842324,0,0,0,0
Vietnam,0.180785979,0.419207853,0.662816101,1.003721006,1.157405024,1.207069902,1.333064553,1.514321771,1.905209782,1.920257105,2.024539666,4.831544739,4.988292087,4.55748535,4.366704114,3.602781029,3.21251547,2.936016103,2.400779481,2.449245283,2.394310345,1.733970588,1.51525641,1.454853801,1.407419355,1.581968912,1.610780488,1.465758929,1.487469388
Yemen,2.190497402,2.364101924,2.289727945,2.59301384,3.431432273,3.714671241,2.848409326,2.605812747,3.041829098,2.757455477,2.305117546,2.417467396,2.246922454,2.290717978,2.035639307,1.751426978,1.557026196,1.450772647,1.22850071,1.471133972,1.152175513,0.989720316,0.88894936,0.948899575,0.898245106,0.613654158,0.735066448,0.821734183,0.926498745
Zambia,23.56617258,22.77380268,23.96979093,22.9100369,20.08123427,18.63376655,16.6656429,13.515266,16.15464112,15.63311481,13.18360974,12.99554209,13.46019962,12.6829932,10.08506938,7.845777559,4.756656829,4.50026244,3.660349363,4.051971098,3.366795773,3.524795761,3.400768322,3.143813911,3.27947006,4.439979976,4.462471777,3.628784599,3.543231264
Zimbabwe,4.915858501,5.031544532,6.56005071,6.208281396,5.876057135,5.674091411,4.942040862,4.858391716,6.677633919,6.570416146,6.312446584,6.365287188,6.332271038,6.545508358,6.440335246,6.578381291,6.747005569,7.040882717,8.005520661,3.752407989,3.263670928,2.981154276,2.475043617,2.221987091,2.094840293,2.148461699,5.670437749,5.267025751,4.88533017
